year,name,display,link
2023,20212023BraintreeResults,2021 &mdash; 2023 Braintree Results,https://arbiterlive.com/Teams/Schedule/5771787
2023,20212023BrooklineResults,2021 &mdash; 2023 Brookline Results,https://arbiterlive.com/Teams/Schedule/5771793
2023,20212023FraminghamResults,2021 &mdash; 2023 Framingham Results,https://arbiterlive.com/Teams/Schedule/5772345
2023,20212023MiltonResults,2021 &mdash; 2023 Milton Results,https://arbiterlive.com/Teams/Schedule/7515258
2023,20212023NatickResults,2021 &mdash; 2023 Natick Results,https://arbiterlive.com/Teams/Schedule/5772352
2023,NeedhamPastSeasonsResults,Needham Past Seasons Results,https://needhamswive.com/high-school/girls/past-seasons/meet-results/
2023,20212023NewtonNorthResults,2021 &mdash; 2023 Newton North Results,https://arbiterlive.com/Teams/Schedule/5772786
2023,20212023WalpoleResults,2021 &mdash; 2023 Walpole Results,https://arbiterlive.com/Teams/Schedule/5772787
2023,20212023WellesleyResults,2021 &mdash; 2023 Wellesley Results,https://arbiterlive.com/Teams/Schedule/5772790
2023,20212023WeymouthResults,2021 &mdash; 2023 Weymouth Results,https://arbiterlive.com/Teams/Schedule/5772798
2022,20212023BraintreeResults,2021 &mdash; 2023 Braintree Results,https://arbiterlive.com/Teams/Schedule/5771787
2022,20212023BrooklineResults,2021 &mdash; 2023 Brookline Results,https://arbiterlive.com/Teams/Schedule/5771793
2022,20212023FraminghamResults,2021 &mdash; 2023 Framingham Results,https://arbiterlive.com/Teams/Schedule/5772345
2022,20212023MiltonResults,2021 &mdash; 2023 Milton Results,https://arbiterlive.com/Teams/Schedule/7515258
2022,20212023NatickResults,2021 &mdash; 2023 Natick Results,https://arbiterlive.com/Teams/Schedule/5772352
2022,NeedhamPastSeasonsResults,Needham Past Seasons Results,https://needhamswive.com/high-school/girls/past-seasons/meet-results/
2022,20212023NewtonNorthResults,2021 &mdash; 2023 Newton North Results,https://arbiterlive.com/Teams/Schedule/5772786
2022,20212023WalpoleResults,2021 &mdash; 2023 Walpole Results,https://arbiterlive.com/Teams/Schedule/5772787
2022,20212023WellesleyResults,2021 &mdash; 2023 Wellesley Results,https://arbiterlive.com/Teams/Schedule/5772790
2022,WellesleyDualMeetStreak,Wellesley Dual Meet Streak,https://www.bostonglobe.com/2023/09/13/sports/massachusetts-high-school-swimming-scores/
2022,20212023WeymouthResults,2021 &mdash; 2023 Weymouth Results,https://arbiterlive.com/Teams/Schedule/5772798
2021,20212023BraintreeResults,2021 &mdash; 2023 Braintree Results,https://arbiterlive.com/Teams/Schedule/5771787
2021,20212023BrooklineResults,2021 &mdash; 2023 Brookline Results,https://arbiterlive.com/Teams/Schedule/5771793
2021,20212023FraminghamResults,2021 &mdash; 2023 Framingham Results,https://arbiterlive.com/Teams/Schedule/5772345
2021,20212023MiltonResults,2021 &mdash; 2023 Milton Results,https://arbiterlive.com/Teams/Schedule/7515258
2021,20212023NatickResults,2021 &mdash; 2023 Natick Results,https://arbiterlive.com/Teams/Schedule/5772352
2021,NeedhamPastSeasonsResults,Needham Past Seasons Results,https://needhamswive.com/high-school/girls/past-seasons/meet-results/
2021,20212023NewtonNorthResults,2021 &mdash; 2023 Newton North Results,https://arbiterlive.com/Teams/Schedule/5772786
2021,20212023WalpoleResults,2021 &mdash; 2023 Walpole Results,https://arbiterlive.com/Teams/Schedule/5772787
2021,20212023WellesleyResults,2021 &mdash; 2023 Wellesley Results,https://arbiterlive.com/Teams/Schedule/5772790
2021,WellesleyDualMeetStreak,Wellesley Dual Meet Streak,https://www.bostonglobe.com/2023/09/13/sports/massachusetts-high-school-swimming-scores/
2021,20212023WeymouthResults,2021 &mdash; 2023 Weymouth Results,https://arbiterlive.com/Teams/Schedule/5772798
2019,2019BraintreeResults,Braintree Results,https://braintreesports.bigteams.com/main/teamschedule/id/3625620/seasonid/4453660
2019,NeedhamPastSeasonsResults,Needham Past Seasons Results,https://needhamswive.com/high-school/girls/past-seasons/meet-results/
2019,WellesleyDualMeetStreak,Wellesley Dual Meet Streak,https://www.bostonglobe.com/2023/09/13/sports/massachusetts-high-school-swimming-scores/
2018,2018BraintreeResults,Braintree Results,https://braintreesports.bigteams.com/main/teamschedule/id/3625620/seasonid/4358638
2018,NeedhamPastSeasonsResults,Needham Past Seasons Results,https://needhamswive.com/high-school/girls/past-seasons/meet-results/
2018,WellesleyDualMeetStreak,Wellesley Dual Meet Streak,https://www.bostonglobe.com/2023/09/13/sports/massachusetts-high-school-swimming-scores/
2017,NeedhamPastSeasonsResults,Needham Past Seasons Results,https://needhamswive.com/high-school/girls/past-seasons/meet-results/
2017,WellesleyDualMeetStreak,Wellesley Dual Meet Streak,https://www.bostonglobe.com/2023/09/13/sports/massachusetts-high-school-swimming-scores/
2016,2016BraintreeResults,Braintree Results,https://braintreesports.bigteams.com/main/teamschedule/id/3625620/seasonid/4116216
2016,NeedhamPastSeasonsResults,Needham Past Seasons Results,https://needhamswive.com/high-school/girls/past-seasons/meet-results/
2015,NeedhamPastSeasonsResults,Needham Past Seasons Results,https://needhamswive.com/high-school/girls/past-seasons/meet-results/
2014,NeedhamPastSeasonsResults,Needham Past Seasons Results,https://needhamswive.com/high-school/girls/past-seasons/meet-results/
2013,NeedhamPastSeasonsResults,Needham Past Seasons Results,https://needhamswive.com/high-school/girls/past-seasons/meet-results/
2012,NeedhamPastSeasonsResults,Needham Past Seasons Results,https://needhamswive.com/high-school/girls/past-seasons/meet-results/
2011,NeedhamPastSeasonsResults,Needham Past Seasons Results,https://needhamswive.com/high-school/girls/past-seasons/meet-results/
2010,NeedhamPastSeasonsResults,Needham Past Seasons Results,https://needhamswive.com/high-school/girls/past-seasons/meet-results/
2009,NeedhamPastSeasonsResults,Needham Past Seasons Results,https://needhamswive.com/high-school/girls/past-seasons/meet-results/
2008,NeedhamPastSeasonsResults,Needham Past Seasons Results,https://needhamswive.com/high-school/girls/past-seasons/meet-results/
2007,NeedhamPastSeasonsResults,Needham Past Seasons Results,https://needhamswive.com/high-school/girls/past-seasons/meet-results/
